City_ID,City,Cloudiness,Country,Date,Humidity,Lat,Lng,Max_Temp,Wind_Speed
0,Alamosa,1,US,1579549978,53,37.47,-105.87,36,1.36
1,Mahon,75,ES,1579549897,93,39.89,4.27,55.4,18.34
2,Umm Lajj,0,SA,1579549978,57,25.02,37.27,58.69,6.85
3,Marzuq,0,YE,1579549979,57,14.4,46.47,56.25,2.21
4,Bluff,100,NZ,1579549979,96,-46.6,168.33,57,1.01
5,Butaritari,100,KI,1579549979,69,3.07,172.79,84.51,5.12
6,Pedernales,75,DO,1579549979,62,18.04,-71.74,86,18.34
7,Kapaa,20,US,1579549979,57,22.08,-159.32,77,9.06
8,Bingol,0,TR,1579549903,77,38.88,40.49,20.62,5.23
9,Lagoa,88,PT,1579549794,79,39.05,-27.98,59.79,20.51
10,Mataura,100,NZ,1579549779,96,-46.19,168.86,57,1.99
11,Punta Arenas,90,CL,1579549786,58,-53.15,-70.92,59,11.41
12,Yeniseysk,100,RU,1579549979,94,58.45,92.17,-0.78,10.33
13,Hilo,75,US,1579549773,60,19.73,-155.09,73.4,4.7
14,Grindavik,75,IS,1579549980,67,63.84,-22.43,33.8,29.97
15,Miramar,1,US,1579549980,60,25.99,-80.23,78.01,8.05
16,Ushuaia,40,AR,1579549980,62,-54.8,-68.3,55.4,19.46
17,Vila Franca do Campo,40,PT,1579549786,62,37.72,-25.43,59,12.75
18,Dnipryany,90,UA,1579549980,86,46.75,33.27,32,6.71
19,Bosobolo,3,CD,1579549980,29,4.18,19.9,75.78,1.95
20,Busselton,81,AU,1579549980,51,-33.65,115.33,63,14.52
21,Mahon,75,ES,1579549901,93,39.89,4.27,55.4,18.34
22,Iqaluit,40,CA,1579549980,67,63.75,-68.51,-22,14.99
23,Haapsalu,44,EE,1579549980,91,58.94,23.54,41,14
24,Port Alfred,96,ZA,1579549816,86,-33.59,26.89,63,5.99
25,Cabo San Lucas,5,MX,1579549980,53,22.89,-109.91,82,8.05
26,Ostrovnoy,100,RU,1579549740,90,68.05,39.51,23.05,23.33
27,Benjamin Constant,90,BR,1579549981,88,-4.38,-70.03,87.8,5.82
28,Hobart,75,AU,1579549745,71,-42.88,147.33,57.99,10.29
29,Micheweni,46,TZ,1579549981,85,-4.97,39.83,81.48,19.35
30,Ajdabiya,0,LY,1579549852,58,30.76,20.23,60.19,16.17
31,Hermanus,78,ZA,1579549754,88,-34.42,19.23,70,11.99
32,At-Bashi,76,KG,1579549981,91,41.17,75.81,-2.97,3.15
33,Hualmay,100,PE,1579549981,66,-11.1,-77.61,75.65,8.52
34,Cape Town,20,ZA,1579549774,68,-33.93,18.42,72,10.29
35,Hithadhoo,99,MV,1579549784,79,-0.6,73.08,82.89,11.1
36,Saint-Philippe,100,RE,1579549981,83,-21.36,55.77,80.6,2.24
37,Westerland,9,DE,1579549981,81,54.91,8.3,43,8.99
38,Esperance,67,AU,1579549981,72,-33.87,121.9,60.8,8.05
39,Grand Forks,1,US,1579549982,84,47.93,-97.03,1,10.29
40,New Norfolk,75,AU,1579549982,76,-42.78,147.06,57.99,10.29
41,Barrow,90,US,1579549982,77,71.29,-156.79,-0.4,4.7
42,Faanui,53,PF,1579549982,77,-16.48,-151.75,81.21,14.67
43,Severo-Kuril'sk,100,RU,1579549982,93,50.68,156.12,17.19,5.61
44,Atuona,67,PF,1579549797,73,-9.8,-139.03,80.74,11.72
45,Kirkenaer,100,NO,1579549982,80,60.46,12.06,44.6,12.75
46,La Rioja,20,ES,1579549982,74,42.25,-2.5,33.8,10.29
47,Bambous Virieux,40,MU,1579549982,83,-20.34,57.76,81,3.36
48,Kaeo,0,NZ,1579549982,100,-35.1,173.78,64.99,1.99
49,Mar del Plata,40,AR,1579549982,78,-38,-57.56,71.6,18.34
50,Chokurdakh,100,RU,1579549817,97,70.63,147.92,-15.36,9.08
51,Zeya,100,RU,1579549983,99,53.75,127.27,-21.35,3.58
52,Constitucion,0,CL,1579549983,54,-35.33,-72.42,65.91,8.77
53,Pevek,100,RU,1579549796,97,69.7,170.31,-13.76,9.22
54,Panguipulli,0,CL,1579549983,47,-39.63,-72.33,82,6.93
55,San Patricio,5,MX,1579549983,74,19.22,-104.7,84.2,5.82
56,Nogliki,0,RU,1579549983,93,51.83,143.17,-7.13,4.79
57,Florianopolis,20,BR,1579549588,62,-27.61,-48.5,86,12.75
58,Bredasdorp,100,ZA,1579549983,88,-34.53,20.04,64.99,14.99
59,Chhor,100,PK,1579549983,25,25.52,69.77,60.93,5.64
60,Nsanje,100,MW,1579549983,98,-16.92,35.26,72.99,11.3
61,Atambua,100,ID,1579549983,87,-9.11,124.89,74.84,1.12
62,Vaini,20,TO,1579549984,69,-21.2,-175.2,78.8,11.41
63,Albany,1,US,1579549850,41,42.6,-73.97,23,12.75
64,Yellowknife,40,CA,1579549792,83,62.46,-114.35,-14.01,3.36
65,Soyo,20,AO,1579549984,83,-6.13,12.37,82.4,5.82
66,Urucara,67,BR,1579549984,64,-2.54,-57.76,88.21,2.28
67,Parana,92,AR,1579549984,70,-31.73,-60.52,87.01,7
68,Natal,40,BR,1579549984,70,-5.79,-35.21,84.2,18.34
69,Lebedyan,90,RU,1579549984,91,53.02,39.17,32,13.42
70,Korla,100,CN,1579549670,78,41.76,86.15,24.01,1.9
71,Dikson,0,RU,1579549985,94,73.51,80.55,-25.33,16.46
72,Lebu,0,CL,1579549985,52,-37.62,-73.65,67.33,12.19
73,Little Current,1,CA,1579549985,67,45.98,-81.92,21.99,14.99
74,Rikitea,100,PF,1579549985,76,-23.12,-134.97,77.92,10.2
75,Yulara,0,AU,1579549692,23,-25.24,130.99,84.2,6.93
76,Grand Gaube,40,MU,1579549985,83,-20.01,57.66,81,3.36
77,Mount Gambier,75,AU,1579549985,93,-37.83,140.77,46.4,5.82
78,Morehead,90,US,1579549669,67,37.27,-87.18,23,7.25
79,Bengkulu,98,ID,1579549871,92,-3.8,102.27,73.65,3.33
80,Jojoima,74,SL,1579549986,62,7.88,-10.79,78.35,5.46
81,Narsaq,75,GL,1579549986,53,60.92,-46.05,23,12.75
82,Sorland,75,NO,1579549986,80,67.67,12.69,41,12.75
83,Chabahar,0,IR,1579549986,73,25.29,60.64,65.05,4.12
84,Hasaki,20,JP,1579549638,55,35.73,140.83,35.6,4.7
85,Roebourne,15,AU,1579549986,72,-20.78,117.13,82.36,4.76
86,Nikolskoye,90,RU,1579549986,86,59.7,30.79,37.99,11.18
87,Luderitz,0,NA,1579549816,77,-26.65,15.16,68,8.05
88,Leningradskiy,100,RU,1579549823,92,69.38,178.42,-4.4,16.69
89,Riyadh,0,SA,1579549846,50,24.69,46.72,57.2,4.7
90,Vestmannaeyjar,100,IS,1579549866,69,63.44,-20.27,37.81,32.48
91,Brae,100,GB,1579549986,93,60.4,-1.35,50,35.57
92,Yar-Sale,100,RU,1579549795,98,66.83,70.83,-7.01,7.7
93,Khasan,0,RU,1579549662,78,42.43,130.64,10.04,7.83
94,Jamestown,1,US,1579549878,53,42.1,-79.24,24.8,10.29
95,Lushun,0,CN,1579549987,67,38.8,121.27,17.6,2.24
96,Cherskiy,100,RU,1579549987,98,68.75,161.3,-24.2,5.95
97,Bethel,1,US,1579549987,30,41.37,-73.41,32,14.99
98,Khatanga,25,RU,1579549987,99,71.97,102.5,-31.23,6.62
99,Hofn,20,IS,1579549714,50,64.25,-15.21,33.8,4.7
100,Cartagena,100,CO,1579549987,74,10.4,-75.51,86,11.41
101,Shitanjing,0,CN,1579549987,56,39.23,106.34,19.85,2.53
102,Diapaga,12,BF,1579549987,22,12.07,1.79,77.49,5.48
103,Hong Kong,20,HK,1579549987,82,22.29,114.16,64,9.17
104,Lachhmangarh,100,IN,1579549988,39,27.82,75.03,54.52,7.31
105,Baykit,65,RU,1579549988,97,61.67,96.37,-25.26,2.91
106,Ilulissat,75,GL,1579549874,55,69.22,-51.1,8.6,29.97
107,Geraldton,90,AU,1579549786,73,-28.77,114.6,69.8,21.92
108,Okhotsk,0,RU,1579549988,68,59.38,143.3,-19.8,7.18
109,Thompson,75,CA,1579549828,71,55.74,-97.86,8.6,12.75
110,Puerto Escondido,40,MX,1579549893,70,15.85,-97.07,86,4.94
111,The Valley,20,AI,1579549988,78,18.22,-63.06,82.4,16.11
112,San Cristobal,40,VE,1579549792,49,7.77,-72.22,89.6,5.82
113,East London,78,ZA,1579549988,78,-33.02,27.91,70.2,18.28
114,Gachsaran,0,IR,1579549848,87,30.36,50.8,46.4,1.72
115,Kunda,100,IN,1579549988,52,25.72,81.52,51.37,1.12
116,Sao Joao da Barra,90,BR,1579549779,94,-21.64,-41.05,73.4,10.94
117,Pierre,1,US,1579549898,60,44.37,-100.35,10.4,11.41
118,Havre-Saint-Pierre,20,CA,1579549989,46,50.23,-63.6,8.6,6.93
119,Norman Wells,20,CA,1579549989,75,65.28,-126.83,-16.6,3.36
120,Yazman,31,PK,1579549989,43,29.12,71.74,57.56,3
121,Abbeville,0,FR,1579549854,93,50.1,1.83,41,4.97
122,Lucknow,20,IN,1579549948,100,26.85,80.92,50,3.74
123,Bilibino,100,RU,1579549678,98,68.05,166.44,-28.08,3.33
124,Nouadhibou,0,MR,1579549989,56,20.93,-17.03,69.8,12.75
125,Lavrentiya,100,RU,1579549989,95,65.58,-171,6.39,6.29
126,Tuktoyaktuk,20,CA,1579549989,74,69.45,-133.04,-23.8,6.93
127,Port Hedland,16,AU,1579549680,74,-20.32,118.57,82.4,8.05
128,Adrar,0,MR,1579549829,19,20.5,-10.07,61.59,4
129,Airai,100,TL,1579549641,75,-8.93,125.41,67.5,5.41
130,Yeovil,0,GB,1579549990,92,50.94,-2.63,37.99,1.12
131,Puerto Ayora,40,EC,1579549990,74,-0.74,-90.35,82.4,10.29
132,Waitati,100,NZ,1579549990,85,-45.75,170.57,59,5.99
133,Taksimo,100,RU,1579549990,99,56.34,114.88,-11.63,1.3
134,Kavieng,5,PG,1579549990,79,-2.57,150.8,82.49,12.75
135,Touros,20,BR,1579549990,70,-5.2,-35.46,84.2,16.11
136,Rorvik,75,NO,1579549990,87,64.86,11.24,48.2,23.04
137,Vostok,95,RU,1579549990,98,46.49,135.88,-8.03,5.06
138,Finnsnes,90,NO,1579549990,84,69.23,17.98,37,13.87
139,Camana,100,PE,1579549990,85,-16.62,-72.71,68.31,8.32
140,Oudtshoorn,86,ZA,1579549991,88,-33.59,22.2,62.6,8.05
141,Lompoc,1,US,1579549773,66,34.64,-120.46,62.01,7.29
142,Kruisfontein,100,ZA,1579549842,80,-34,24.73,64.6,13.8
143,Kokopo,100,PG,1579549991,78,-4.35,152.26,81.23,11.03
144,Ca Mau,8,VN,1579549991,84,9.18,105.15,74.86,6.93
145,Bartica,40,GY,1579549991,62,6.4,-58.62,86,11.41
146,Nemuro,100,JP,1579549991,78,43.32,145.57,29.55,14.76
147,Poum,10,NC,1579549991,81,-20.23,164.02,78.03,16.96
148,Mehamn,20,NO,1579549848,97,71.04,27.85,37.4,27.51
149,Gravdal,40,NO,1579549991,86,68.12,13.5,39.2,5.82
150,Kalmunai,50,LK,1579549789,78,7.42,81.82,81.07,16.51
151,Kidal,0,ML,1579549991,19,18.44,1.41,67.15,9.17
152,Emerald,20,AU,1579549991,94,-23.53,148.17,75.2,5.82
153,Burnie,36,AU,1579549843,90,-41.07,145.92,59,8.99
154,Barranquilla,62,CO,1579549992,62,10.96,-74.8,87.8,11.41
155,Mount Isa,90,AU,1579549783,37,-20.73,139.5,84.2,5.82
156,Rio Grande,8,BR,1579549952,43,-32.03,-52.1,91.4,8.05
157,Nanortalik,100,GL,1579549992,77,60.14,-45.24,26.47,19.55
158,Sao Filipe,0,CV,1579549992,75,14.9,-24.5,71.2,7.87
159,Port Elizabeth,100,ZA,1579549992,77,-33.92,25.57,68,17.22
160,Russell,1,US,1579549805,41,32.35,-85.2,45,8.05
161,Iquitos,75,PE,1579549992,100,-3.75,-73.25,42.8,5.82
162,Te Anau,100,NZ,1579549668,92,-45.42,167.72,58.59,1.59
163,Sitka,75,US,1579549646,70,57.05,-135.33,42.8,12.75
164,De Aar,0,ZA,1579549992,16,-30.65,24.01,76.57,8.14
165,Chui,42,UY,1579549784,61,-33.7,-53.46,83.73,10.78
166,Aklavik,40,CA,1579549802,75,68.22,-135.01,-18.4,9.17
167,Fortuna,1,US,1579549824,58,40.6,-124.16,57,7.9
168,Kaitangata,100,NZ,1579549993,92,-46.28,169.85,55.27,9.44
169,Qaanaaq,100,GL,1579549993,77,77.48,-69.36,-12.32,7.74
170,Barao de Melgaco,40,BR,1579549993,46,-16.19,-55.97,93.2,11.41
171,Saldanha,0,ZA,1579549774,50,-33.01,17.94,77,8.05
172,Yerbogachen,93,RU,1579549993,93,61.28,108.01,-11.47,9.48
173,Willowmore,64,ZA,1579549993,84,-33.29,23.49,58.71,8.68
174,Huilong,0,CN,1579549993,77,31.81,121.66,46.99,5.35
175,Klaksvik,100,FO,1579549993,70,62.23,-6.59,42.8,23.04
176,Guerrero Negro,58,MX,1579549994,30,27.98,-114.06,70.92,8.52
177,Barra de Tecoanapa,73,MX,1579549994,49,16.52,-98.75,91.26,10.65
178,Skibotn,90,NO,1579549853,98,69.39,20.27,33.8,13.87
179,Dudinka,40,RU,1579549994,72,69.41,86.18,-41.8,2.24
180,Avera,1,US,1579549613,35,33.19,-82.53,46.4,8.05
181,Elbistan,86,TR,1579549772,88,38.21,37.2,14.59,4.79
182,Provideniya,40,RU,1579549777,78,64.38,-173.3,8.6,6.71
183,Kodiak,1,US,1579549988,72,57.79,-152.41,14,8.05
184,Torata,98,PE,1579549996,76,-17.08,-70.84,64.83,10.85
185,Cidreira,100,BR,1579549996,85,-30.18,-50.21,75.69,22.84
186,Ribeira Grande,40,PT,1579549794,87,38.52,-28.7,60.8,17.22
187,Rio Gallegos,75,AR,1579549862,58,-51.62,-69.22,59,5.82
188,Dingle,37,PH,1579549828,87,11,122.67,69.8,10.51
189,Tuatapere,100,NZ,1579549996,96,-46.13,167.68,57,1.01
190,Bellevue,1,US,1579549840,87,47.61,-122.2,51.01,3.36
191,Departamento de Maldonado,40,UY,1579549797,45,-34.67,-54.92,86,16.11
192,Bud,40,US,1579549996,58,39.45,-86.18,28.99,5.82
193,Ouallam,1,NE,1579549996,22,14.32,2.09,73.49,7.61
194,Sheopur,100,IN,1579549997,59,25.67,76.7,54.41,6.11
195,Talnakh,40,RU,1579549997,72,69.49,88.4,-41.8,2.24
196,Tasiilaq,0,GL,1579549997,47,65.61,-37.64,14,17.22
197,Poya,0,NC,1579549997,72,-21.35,165.15,75.83,6.64
198,Half Moon Bay,1,US,1579549997,71,37.46,-122.43,55.99,10.29
199,Williamsburg,1,US,1579549997,37,37.27,-76.71,37.99,10.29
200,Koprivnica,91,HR,1579549997,100,46.16,16.83,35.01,1.12
201,Egvekinot,12,RU,1579549817,93,66.32,-179.17,-17.23,5.59
202,Ahipara,39,NZ,1579549997,100,-35.17,173.17,64.99,1.99
203,Synya,47,RU,1579549998,93,65.37,58.04,-1.19,9.44
204,Assiut,0,EG,1579549786,62,27.18,31.18,53.6,11.41
205,Lunino,79,RU,1579549998,75,53.59,45.23,34,11.92
206,Lakes Entrance,100,AU,1579549998,87,-37.88,147.98,64.99,3
207,Ponta do Sol,40,PT,1579549781,44,32.67,-17.1,60.8,17.22
208,San Policarpo,13,PH,1579549998,71,12.18,125.51,76.96,15.57
209,Saskylakh,65,RU,1579549789,90,71.92,114.08,-28.82,5.32
210,Udachny,100,RU,1579549998,75,66.42,112.4,-13,6.71
211,Carnarvon,0,AU,1579549998,83,-24.87,113.63,73.4,20.8
212,Nantucket,75,US,1579549905,63,41.28,-70.1,28.4,23.04
213,Kiruna,33,SE,1579549998,86,67.86,20.23,32,13.87
214,Daru,82,PG,1579549998,93,-9.08,143.21,76.55,3.69
215,Deputatsky,100,RU,1579549999,92,69.3,139.9,-17.88,5.08
216,Tarko-Sale,0,RU,1579549999,99,64.92,77.78,-31.56,4.23
217,Mandalgovi,0,MN,1579549718,77,45.76,106.27,6.78,7.65
218,Shivrajpur,0,IN,1579549999,53,22.42,73.65,61.81,2.73
219,Manta,46,EC,1579549999,66,-0.95,-80.73,84.2,9.17
220,Shingu,0,JP,1579549999,63,33.73,135.98,46.47,17.45
221,Tiksi,4,RU,1579549782,92,71.69,128.87,-27.54,4.68
222,Yangi Marg`ilon,100,UZ,1579549999,74,40.43,71.72,30.2,4.7
223,Alta Floresta,40,BR,1579549999,78,-9.88,-56.09,82.4,3.36
224,Horn,0,DE,1579550000,100,51.87,8.95,37.4,9.17
225,Westport,1,US,1579550000,28,41.14,-73.36,32,14.99
226,Zhezkazgan,1,KZ,1579550000,94,47.8,67.71,6.15,8.68
227,Upernavik,94,GL,1579549783,59,72.79,-56.15,-3.05,7.81
228,Galle,66,LK,1579550000,76,6.04,80.22,80.91,10.27
229,Turukhansk,100,RU,1579550000,98,65.82,87.98,-33,3.42
230,Baicheng,38,CN,1579550000,84,45.62,122.82,2.16,8.3
231,Dondaicha,0,IN,1579549829,54,21.33,74.57,66.11,4.59
232,Petropavlovsk-Kamchatsky,90,RU,1579550000,71,53.05,158.65,3.2,6.71
233,Alice Springs,64,AU,1579550000,28,-23.7,133.88,73.4,4.7
234,Vaitape,53,PF,1579550001,77,-16.52,-151.75,81.21,14.67
235,Jumla,89,NP,1579549666,82,29.27,82.18,24.51,2.84
236,Namatanai,92,PG,1579549897,75,-3.67,152.43,83.03,13.13
237,Ucluelet,75,CA,1579549709,93,48.93,-125.55,50,10.29
238,Kristinestad,100,FI,1579550001,72,62.27,21.38,46.06,19.66
239,Samarai,99,PG,1579549577,79,-10.62,150.67,79.09,3.62
240,Fethiye,0,TR,1579550001,45,36.62,29.12,46.4,6.93
241,Cockburn Town,40,TC,1579549534,69,21.46,-71.14,78.8,16.11
242,Portland,90,US,1579549671,65,45.52,-122.68,48,10.29
243,Waipawa,90,NZ,1579550001,100,-41.41,175.52,64,2.24
244,Aksu,0,CN,1579550001,86,41.12,80.26,21.07,6.02
245,Fort Nelson,90,CA,1579549733,76,58.81,-122.7,-9.4,2.24
246,Avarua,100,CK,1579550001,88,-21.21,-159.78,80.6,11.41
247,Cowra,8,AU,1579550001,69,-33.83,148.68,64.78,8.52
248,Laas,0,IT,1579550002,71,46.62,10.7,32,2.24
249,Xam Nua,29,LA,1579549772,98,20.42,104.04,53.46,2.46
250,Lincoln,1,US,1579550002,77,40.8,-96.67,12.99,8.05
251,Tabuleiro do Norte,77,BR,1579550002,58,-5.25,-38.13,84.63,8.68
252,Nha Trang,20,VN,1579549817,83,12.25,109.18,75.2,4.7
253,Vila Velha,90,BR,1579549692,78,-20.33,-40.29,79,13.87
254,Katsuura,5,JP,1579549690,75,35.13,140.3,42.01,4.7
255,Moron,40,AR,1579550002,83,-34.65,-58.62,100.99,13.87
256,Moose Factory,1,CA,1579550002,55,51.26,-80.61,8.6,12.75
257,Pacific Grove,1,US,1579550003,81,36.62,-121.92,55.99,28.05
258,Yerofey Pavlovich,100,RU,1579550003,97,53.97,121.97,-16.02,1.63
259,Pujehun,90,SL,1579550003,84,7.36,-11.72,76.05,3.13
260,Sinnamary,23,GF,1579550003,78,5.38,-52.95,79.32,16.78
261,Torbay,90,CA,1579549796,92,47.67,-52.73,30,5.82
262,General Elizardo Aquino,51,PY,1579550003,31,-24.43,-56.7,97.65,8.03
263,Coyhaique,20,CL,1579550003,41,-45.58,-72.07,77,5.82
264,Goure,2,NE,1579550003,21,13.98,10.27,75,7
265,Caluquembe,28,AO,1579550003,86,-13.78,14.68,61.68,3.38
266,Linxia,98,CN,1579550003,91,35.6,103.21,19.76,0.56
267,Kedrovyy,100,RU,1579550003,60,56.17,91.82,5,15.66
268,Oleksandrivka,100,UA,1579550003,81,48.96,32.23,32.23,11.54
269,Lukovetskiy,90,RU,1579549869,92,64.3,41.92,28.4,4.47
270,Kota Kinabalu,75,MY,1579550004,88,5.97,116.07,77,4.7
271,Labuan,75,MY,1579550004,88,5.28,115.24,80.6,14.54
272,Toktogul,0,KG,1579550004,66,41.87,72.94,7.86,4.72
273,Vagur,100,FO,1579549841,66,61.47,-6.81,43.84,30.51
274,Pochutla,40,MX,1579550004,62,15.74,-96.47,88,11.41
275,Cabedelo,93,BR,1579550004,51,-6.98,-34.83,86,16.11
276,Bam,100,IR,1579549904,67,29.11,58.36,48.72,3.33
277,Byron Bay,4,AU,1579550004,83,-28.65,153.62,79,13.87
278,Darnah,100,LY,1579550004,60,32.77,22.64,57.34,8.37
279,Mercedes,37,AR,1579550004,73,-34.65,-59.43,95,1.99
280,Togur,100,RU,1579550005,91,58.36,82.83,3.11,13.78
281,Beyneu,99,KZ,1579550005,74,45.32,55.2,28.67,10.07
282,Lata,0,PT,1579549639,39,40.16,-8.33,50,10.29
283,Raudeberg,75,NO,1579550005,93,61.99,5.14,48.2,27.51
284,Clyde River,75,CA,1579549825,75,70.47,-68.59,-18.4,14.99
285,Saint George,1,US,1579549745,29,37.1,-113.58,54,13.87
286,Banda Aceh,96,ID,1579549777,90,5.56,95.32,73.72,4.61
287,Santa Catalina,88,PH,1579550005,84,9.33,122.86,70.65,14.97
288,Kingman,1,US,1579550005,30,35.19,-114.05,66,3.36
289,Bloomington,1,US,1579550005,72,44.84,-93.3,21,3.78
290,Yumen,0,CN,1579549869,73,40.28,97.2,12.4,9.51
291,Imeni Poliny Osipenko,100,RU,1579549824,99,52.42,136.49,-14.46,4.94
292,Saint-Leu,100,RE,1579550006,83,-21.15,55.28,80.6,2.24
293,North Bend,1,US,1579549580,81,43.41,-124.22,54,9.17
294,Bulawayo,98,ZW,1579550006,80,-20.15,28.58,64.29,14.52
295,Palmer,1,US,1579550006,30,42.16,-72.33,30,9.17
296,Tura,0,IN,1579550006,66,25.52,90.22,54.18,1.77
297,Rudnya,100,RU,1579550006,83,54.95,31.09,33.22,17.36
298,Villa Carlos Paz,75,AR,1579549820,78,-31.42,-64.5,87.01,9.17
299,Souillac,40,MU,1579550006,83,-20.52,57.52,81,3.36
300,Sojitra,40,IN,1579550006,82,22.55,72.72,57.2,6.8
301,Longyearbyen,40,SJ,1579549761,67,78.22,15.64,21.2,25.28
302,Xichang,0,CN,1579550006,87,27.9,102.26,30.07,5.7
303,Borovskoy,95,KZ,1579550007,96,53.8,64.15,15.46,4.27
304,Batsfjord,20,NO,1579550007,96,70.63,29.72,32,27.51
305,Saint-Martin-Boulogne,0,FR,1579549954,93,50.73,1.62,42.01,6.91
306,Guadalupe Victoria,90,MX,1579550007,27,32.29,-115.11,66.2,2.24
307,Cuamba,100,MZ,1579550007,98,-14.8,36.54,69.49,3.44
308,Castro,56,BR,1579550007,65,-24.79,-50.01,76.44,5.55
309,Muros,20,ES,1579550007,56,42.78,-9.06,48,10.29
310,Viedma,0,AR,1579549971,20,-40.81,-63,82.24,15.48
311,Olden,75,NO,1579550007,81,61.84,6.81,48.99,13.87
312,Asau,75,RO,1579549882,87,46.43,26.4,32,11.41
313,Tautira,40,PF,1579549626,70,-17.73,-149.15,86,13.87
314,Limot,75,PH,1579550008,83,7.04,126.27,77,11.41
315,Taoudenni,33,ML,1579549784,14,22.68,-3.98,67.1,8.68
316,Codrington,100,AU,1579550008,70,-38.27,141.97,57.34,7.94
317,Saedinenie,0,BG,1579550008,66,42.27,24.55,32,10.29
318,Mae Sot,10,TH,1579550008,63,16.72,98.57,67.86,2.64
319,Pandan,0,PH,1579549883,69,14.05,124.17,77.76,18.84
320,Salalah,20,OM,1579549733,64,17.02,54.09,73.4,4.7
321,Kirakira,21,SB,1579550008,78,-10.45,161.92,79.74,2.1
322,Tomatlan,0,MX,1579550008,32,19.93,-105.25,92.52,7.23
323,Sorsk,51,RU,1579550008,82,54,90.25,-12.89,4.25
324,Strelka,100,RU,1579550009,92,58.07,93.03,-1.55,11.18
325,Alpine,1,US,1579550009,34,32.84,-116.77,66.99,2.86
326,Antigonish,90,CA,1579549745,67,45.62,-62,25,9.17
327,Itacarambi,69,BR,1579550009,64,-15.1,-44.09,81.54,1.88
328,Charyshskoye,100,RU,1579550009,80,51.4,83.56,5.67,2.68
329,Vardo,40,NO,1579550009,86,70.37,31.11,26.6,38.03
330,Kortkeros,75,RU,1579550009,100,61.81,51.58,10.4,2.24
331,Dalkola,0,IN,1579550009,68,25.85,87.85,56.03,6.4
332,Jardim,12,BR,1579550009,44,-21.48,-56.14,92.98,8.12
333,Ketchikan,90,US,1579549799,93,55.34,-131.65,41,9.17
334,Auki,87,SB,1579550009,71,-8.77,160.7,83.21,5.32
335,Porto Velho,40,BR,1579549736,55,-8.76,-63.9,91.4,3.36
336,Pisco,100,PE,1579550010,30,-13.7,-76.22,73.99,11.41
337,George Town,20,MY,1579550010,74,5.41,100.34,84,5.82
338,Pathein,0,MM,1579550010,75,16.78,94.73,74.28,7.38
339,Ekibastuz,100,KZ,1579549916,95,51.67,75.37,13.73,8.43
340,Nuuk,90,GL,1579550010,100,64.18,-51.72,21.2,13.87
341,Omboue,49,GA,1579550010,91,-1.57,9.26,77.16,1.95
342,Faya,5,SA,1579550010,93,18.39,42.45,55.4,5.82
343,Kovdor,98,RU,1579550010,95,67.57,30.48,30.65,9.82
344,Schattdorf,0,CH,1579550010,68,46.87,8.65,33.8,4.7
345,Padang,100,ID,1579550010,94,-0.95,100.35,68.95,5.55
346,Ganzhou,100,CN,1579550010,80,28.82,115.43,46.09,0.56
347,Skibbereen,75,IE,1579549810,80,51.55,-9.27,41,5.82
348,Los Llanos de Aridane,75,ES,1579550011,59,28.66,-17.92,64.4,16.11
349,Tzucacab,69,MX,1579550011,90,20.07,-89.05,72.41,7.83
350,Nome,90,US,1579550011,92,64.5,-165.41,12.2,16.11
351,Candelaria,59,PH,1579550011,91,13.93,121.42,72,4.47
352,Novopokrovka,75,UA,1579550011,80,49.84,36.55,32,8.95
353,Villanueva,90,HN,1579550011,83,15.32,-88,75.2,6.93
354,Alekseyevsk,100,RU,1579550011,92,57.84,108.35,-5.28,10.74
355,Quatre Cocos,40,MU,1579549757,83,-20.21,57.76,81,3.36
356,Manicore,40,BR,1579550011,62,-5.81,-61.3,89.6,2.24
357,Ilave,38,PE,1579550011,50,-16.08,-69.67,58.86,10.98
358,Melita,1,CA,1579550011,74,49.27,-101,12,1.01
359,Saurimo,78,AO,1579549897,89,-9.66,20.39,66.87,3
360,Hambantota,82,LK,1579550012,83,6.12,81.12,79.99,22.1
361,Nicoya,75,CR,1579549847,52,10.15,-85.45,89.6,9.17
362,Verkhnyaya Toyma,100,RU,1579550012,96,62.23,45,18.09,4.16
363,Mananjary,100,MG,1579550012,92,-21.22,48.33,78.3,13.47
364,Wilmington,1,US,1579549856,35,34.23,-77.94,44.01,10.29
365,Suntar,90,RU,1579550012,93,62.14,117.63,-4.5,6.6
366,Kumul,91,CN,1579550012,96,42.8,93.45,7.29,2.66
367,Burns Lake,18,CA,1579550012,99,54.23,-125.75,34.56,4.61
368,Sumbe,100,AO,1579550012,76,-11.21,13.84,77.86,3.09
369,Comodoro Rivadavia,0,AR,1579549812,42,-45.87,-67.5,80.6,4.7
370,Hamilton,75,US,1579549552,54,39.18,-84.53,28.4,4.83
371,Wanning,52,CN,1579550013,79,18.8,110.4,68.94,3.83
372,Puerto Madryn,0,AR,1579549813,22,-42.77,-65.04,79.36,20.6
373,Mayo,1,US,1579550013,31,38.89,-76.51,36,12.75
374,Broome,1,US,1579550013,52,42.25,-75.83,23,8.05
375,Bonavista,99,CA,1579550013,88,48.65,-53.11,28,5.01
376,Aquiraz,20,BR,1579550013,58,-3.9,-38.39,86,11.41
377,Marsaxlokk,20,MT,1579550013,76,35.84,14.54,57.2,17.22
378,Sur,0,OM,1579550013,68,22.57,59.53,66.33,5.95
379,Abha,5,SA,1579550013,93,18.22,42.51,55.4,5.82
380,Praia,0,CV,1579549832,47,14.92,-23.51,77,14.99
381,Atar,0,MR,1579550013,18,20.52,-13.05,63.84,5.64
382,Corinth,75,GR,1579549832,65,37.94,22.96,48,8.05
383,Pleshanovo,100,RU,1579550014,96,52.83,53.48,22.46,8.21
384,Tabas,0,IR,1579550014,75,33.6,56.92,41,2.24
385,Kachug,7,RU,1579549831,95,53.96,105.88,-17.66,2.17
386,Baharly,100,TM,1579550014,95,38.44,57.43,31.53,2.21
387,Vallecillo,75,HN,1579550014,64,14.52,-87.4,71.6,13.87
388,Aswan,0,EG,1579550014,38,24.09,32.91,59,6.93
389,Ambilobe,100,MG,1579550014,92,-13.2,49.05,77.88,6.4
390,Lar,65,IN,1579550014,74,26.2,83.97,52.63,4.97
391,Karratha,53,AU,1579549840,75,-20.74,116.85,84.6,2.15
392,West Point,1,US,1579549768,55,33.61,-88.65,37.4,6.93
393,Kavaratti,17,IN,1579549762,73,10.57,72.64,82.04,7.96
394,Paraty,75,BR,1579550015,57,-23.22,-44.71,78.8,4.7
395,Staryy Nadym,100,RU,1579550015,95,65.61,72.68,-11.04,5.99
396,Farafangana,100,MG,1579550015,78,-22.82,47.83,79.07,26.73
397,Calvinia,0,ZA,1579550015,54,-31.47,19.78,69.78,8.81
398,Kisangani,100,CD,1579549689,65,0.52,25.2,75.51,0.83
399,Diplo,64,PK,1579550015,32,24.47,69.58,61.59,6.06
400,Banamba,85,ML,1579549784,14,13.55,-7.45,75.02,5.77
401,Cimislia,90,MD,1579550015,80,46.52,28.78,32,12.75
402,Andros Town,75,BS,1579550015,57,24.7,-77.77,80.6,8.05
403,Port Lincoln,44,AU,1579550015,72,-34.73,135.87,60.15,3.78
404,Mingora,100,PK,1579550015,80,34.78,72.36,30.29,5.41
405,Port Hardy,40,CA,1579550016,93,50.7,-127.42,46.4,4.7
406,Gumdag,27,TM,1579550016,69,39.21,54.59,32.83,5.35
407,Larap,56,PH,1579550016,74,14.3,122.65,77.7,23.06
408,Arraial do Cabo,75,BR,1579549732,69,-22.97,-42.03,80.6,13.87
409,Dunedin,100,NZ,1579549738,86,-45.87,170.5,59,5.99
410,Chimbote,29,PE,1579550016,58,-9.09,-78.58,79.68,12.86
411,Jever,40,DE,1579550016,93,53.58,7.9,41,6.93
412,Yaan,23,NG,1579550016,23,7.38,8.57,83.19,4.27
413,Tocopilla,0,CL,1579550016,31,-22.09,-70.2,74.57,12.1
414,Teguldet,100,RU,1579550016,79,57.31,88.17,-1.01,15.88
415,Gereykhanovskoye,75,RU,1579550016,89,41.7,48.28,28.87,3.31
416,Amga,97,RU,1579550017,100,60.9,131.96,-21.12,0.13
417,Shelburne,20,CA,1579550017,41,44.08,-80.2,24.01,9.17
418,Oktyabrskoye,0,RU,1579550017,57,43.06,44.74,25.75,0.96
419,Hearst,1,CA,1579550017,84,49.68,-83.67,10.98,9.1
420,Madoc,5,CA,1579550017,40,44.51,-77.47,21.99,6.93
421,Sainte-Marie,100,RE,1579550017,83,-20.9,55.55,80.6,4.7
422,Manturovo,96,RU,1579550017,95,58.34,44.76,27.79,6.96
423,Khandyga,95,RU,1579550017,99,62.67,135.6,-25.49,0.38
424,Jian,33,CN,1579550017,82,27.12,114.98,44.31,0.4
425,Bagdarin,91,RU,1579550017,82,54.43,113.6,-13.68,3.42
426,Loreto,90,MX,1579550017,55,22.27,-101.97,58.68,5.44
427,Longhua,98,CN,1579550018,68,23.61,114.19,59.05,1.66
428,Mago,21,RU,1579550018,99,53.25,140.18,-11.92,4.38
429,Kargil,100,IN,1579550018,100,34.57,76.1,-7.78,1.66
430,Collie,73,AU,1579550018,51,-33.37,116.15,63,3.76
431,Grand-Lahou,100,CI,1579550018,78,5.14,-5.02,82.53,10.31
432,San Juan,23,AR,1579550018,18,-31.54,-68.54,104.25,13.85
433,Jalingo,0,NG,1579550018,22,8.88,11.37,77.86,5.39
434,Ningbo,0,CN,1579549925,93,29.88,121.55,43,2.24
435,Kalengwa,100,ZM,1579550018,93,-13.47,25,66.87,2.19
436,Boa Vista,75,BR,1579549834,38,2.82,-60.67,93.2,12.75
437,Khurai,100,IN,1579550018,53,24.04,78.33,53.02,6.91
438,Ancud,0,CL,1579550018,38,-41.87,-73.82,75.2,17.22
439,Basqal,90,AZ,1579550019,100,40.76,48.39,30.2,4.72
440,Malanje,100,AO,1579550019,97,-9.54,16.34,65.75,3.38
441,Alofi,75,NU,1579549790,74,-19.06,-169.92,80.6,8.05
442,Rapar,0,IN,1579550019,41,23.57,70.63,62.38,5.59
443,Kahului,75,US,1579549800,94,20.89,-156.47,75.2,3.36
444,Miyako,64,JP,1579550019,81,39.64,141.95,30.52,4.29
445,Sisimiut,100,GL,1579550019,96,66.94,-53.67,8.53,14.94
446,Caravelas,19,BR,1579549573,80,-17.71,-39.25,80.26,12.39
447,Pontes e Lacerda,54,BR,1579550020,54,-15.23,-59.34,90.7,4.38
448,Witu,58,KE,1579550020,85,-2.39,40.44,78.53,9.33
449,Reo,5,BF,1579550020,19,12.32,-2.47,74.1,3.06
450,Pervomayskiy,100,RU,1579550020,96,53.25,40.29,31.28,10.89
451,Suluq,0,LY,1579550020,75,31.67,20.25,52.68,13.27
452,Tolaga Bay,99,NZ,1579550020,79,-38.37,178.3,63.28,13.29
453,Tessalit,0,ML,1579550020,18,20.2,1.01,66.34,8.28
454,Pinega,100,RU,1579550020,95,64.7,43.39,15.31,7.81
455,Srednekolymsk,100,RU,1579550020,96,67.45,153.68,-25.67,10.02
456,Iracoubo,23,GF,1579550021,78,5.48,-53.2,79.32,16.78
457,Rockhampton,56,AU,1579550021,78,-23.38,150.5,80.6,5.82
458,Belaya Gora,100,RU,1579549647,97,68.53,146.42,-17.27,6.53
459,Kommunar,90,RU,1579550021,86,59.62,30.39,37.99,11.18
460,Tahoua,53,NE,1579550021,16,14.89,5.27,77,9.17
461,Koygorodok,94,RU,1579550021,97,60.45,51,10,3.65
462,Lerdo,40,MX,1579550021,51,25.53,-103.53,62.6,5.82
463,Kloulklubed,40,PW,1579549814,78,7.04,134.26,78.8,8.05
464,Farmington,1,US,1579549921,38,36.73,-108.22,46,9.17
465,Pampa,1,US,1579550021,28,35.54,-100.96,57.2,13.87
466,Visby,58,SE,1579550021,86,57.64,18.3,42.01,18.34
467,Nosy Varika,100,MG,1579550021,96,-20.58,48.53,75.94,5.32
468,Piquete,75,BR,1579550022,57,-22.61,-45.18,78.8,4.7
469,Chegdomyn,100,RU,1579550022,99,51.12,133.02,-14.91,0.11
470,Coxim,58,BR,1579550022,66,-18.51,-54.76,89.29,2.28
471,Pitimbu,99,BR,1579550022,51,-7.47,-34.81,86,16.11
472,Kalevala,100,RU,1579550022,99,65.2,31.17,34.86,10.02
473,Murray Bridge,7,AU,1579549857,90,-35.12,139.27,62.01,1.01
474,Port Moresby,5,PG,1579550022,100,-9.44,147.18,75.2,5.82
475,Lorengau,0,PG,1579549778,79,-2.02,147.27,82.92,13.22
476,Mahebourg,40,MU,1579550022,83,-20.41,57.7,81,3.36
477,Hue,40,VN,1579549772,88,16.47,107.6,68,1.12
478,Mangrol,0,IN,1579550022,48,21.12,70.12,70.84,10.45
479,Mahibadhoo,78,MV,1579549782,78,3.78,72.97,83.01,14.63
480,Chase,75,CA,1579550023,98,50.82,-119.69,39.99,14.99
481,Japura,98,ID,1579550023,98,-0.32,102.35,73.49,1.01
482,Dabakala,0,CI,1579550023,31,8.37,-4.43,81,2.77
483,Wajima,100,JP,1579550023,68,37.4,136.9,41.16,25.52
484,Hanzhong,100,CN,1579550023,67,33.07,107.03,39.72,2.13
485,Babu,68,CN,1579550023,82,24.42,111.52,51.39,0.49
486,Morristown,90,US,1579549833,58,36.21,-83.29,28.99,10.29
487,Saquena,94,PE,1579550023,79,-4.67,-73.52,84.85,2.21
488,Pospelikha,100,RU,1579550023,92,51.95,81.77,2.37,3.31
489,Agadez,0,NE,1579550023,21,19.75,10.25,60.87,7.99
490,Eilat,20,IL,1579550024,63,29.56,34.95,60.8,6.93
491,Shanghai,0,CN,1579550007,93,31.22,121.46,46.99,4.47
492,Arrondissement d'Arcachon,10,FR,1579550024,64,44.59,-1.05,41,9.17
493,Rawson,0,AR,1579549901,66,-43.3,-65.1,64.53,8.95
494,Annau,90,TM,1579550024,94,37.89,58.52,32,4.7
495,Susangerd,0,IR,1579549840,66,31.56,48.18,55.4,2.24
496,Batemans Bay,22,AU,1579549889,96,-35.72,150.18,63,5.23
497,Seoul,20,KR,1579549861,73,37.57,126.98,23,1.12
498,Coquimbo,20,CL,1579549553,72,-29.95,-71.34,68,14.99
499,Clonakilty,75,IE,1579550024,80,51.62,-8.87,41,5.82
500,Alamos,65,MX,1579550024,56,27.02,-108.93,75.99,5.01
501,Ust'-Kulom,100,RU,1579550024,98,61.69,53.69,2.61,4.61
502,Tiznit,92,MA,1579550024,89,29.58,-9.5,45.1,12.26
503,Laguna de Perlas,40,NI,1579550025,70,12.34,-83.67,84.2,6.93
504,Maniitsoq,100,GL,1579550025,85,65.42,-52.9,16.47,2.84
505,Floro,75,NO,1579550025,93,61.6,5.03,48.2,27.51
506,Aromashevo,63,RU,1579550025,99,56.86,68.64,-3.57,6.6
507,Xining,100,CN,1579549707,73,36.62,101.77,13.93,3.6
508,Abu Dhabi,20,AE,1579549954,82,24.47,54.37,68,9.17
509,Anadyr,20,RU,1579549899,75,64.75,177.48,-13,4.47
510,Arauco,0,CL,1579550025,60,-37.25,-73.32,69.8,5.82
511,San Carlos,100,VE,1579550025,40,9.66,-68.58,92.12,4.52
512,Orzhytsya,88,UA,1579550025,92,49.79,32.7,29.98,7.72
513,Ulladulla,49,AU,1579549753,59,-35.35,150.47,66.99,13.87
514,Balkanabat,98,TM,1579550026,80,39.51,54.37,27.57,2.44
515,Lindi,75,TZ,1579550026,94,-10,39.72,78.8,23.04
516,Casper,1,US,1579549897,38,42.87,-106.31,44.01,26.4
517,Great Yarmouth,0,GB,1579550026,93,52.61,1.73,37,5.82
518,Berlevag,20,NO,1579549648,97,70.86,29.09,32,27.51
519,Denpasar,20,ID,1579550026,83,-8.65,115.22,84.2,5.82
520,Saint-Joseph,100,RE,1579550026,83,-21.37,55.62,80.6,2.24
521,Nara,75,JP,1579550026,97,34.69,135.8,46.4,18.34
522,Kaka,100,TM,1579550026,95,37.35,59.61,34.38,6.6
523,Berdigestyakh,0,RU,1579550027,94,62.1,126.7,-22.38,3.49
524,Nagaur,100,IN,1579550027,47,27.2,73.73,55.85,8.61
525,Lakhimpur,100,IN,1579549963,70,27.95,80.77,54.25,4.92
526,Am Timan,8,TD,1579550027,18,11.03,20.28,68.72,5.93
527,Ambon,20,ID,1579550027,78,-3.7,128.18,78.8,2.24
528,Valleyview,100,CA,1579549783,90,55.07,-117.29,36.95,6.93
529,Kutum,0,SD,1579550027,28,14.2,24.67,50.5,5.68
530,Fairbanks,1,US,1579549868,74,64.84,-147.72,-9.99,2.21
531,Hoskote,12,IN,1579550027,65,14.28,77.17,70.57,7.52
532,Hirara,65,JP,1579550027,71,24.8,125.28,63.81,14.63
533,Santa Rosa,40,PH,1579549990,78,14.31,121.11,77,4.7
534,Bilma,0,NE,1579550027,22,18.69,12.92,62.28,11.59
535,Bardiyah,30,LY,1579550027,68,31.76,25.09,56.84,14.92
536,Artyom,75,AZ,1579550028,86,40.47,50.33,37.4,1.59
537,Luzhou,100,CN,1579550028,64,28.87,105.44,51.89,1.39
538,Keti Bandar,0,PK,1579550028,49,24.14,67.45,65.89,9.6
539,Chumikan,3,RU,1579550028,83,54.72,135.31,-7.1,8.23
540,Plettenberg Bay,41,ZA,1579549919,79,-34.05,23.37,67.5,15.59
541,Husavik,90,IS,1579550028,55,66.04,-17.34,33.8,20.8
542,Yuzhno-Kurilsk,100,RU,1579550028,79,44.03,145.86,29.93,20.8
543,Richards Bay,97,ZA,1579550028,65,-28.78,32.04,73.11,7.76
544,Tacoronte,75,ES,1579550028,76,28.48,-16.41,64.99,20.8
545,Ola,15,RU,1579550028,71,59.58,151.28,-12.75,5.91
546,Ouesso,92,CG,1579550028,45,1.61,16.05,77.04,2.33
547,Tyukalinsk,79,RU,1579550028,98,55.87,72.2,-1.43,7.18
548,Kysyl-Syr,87,RU,1579549858,99,63.9,122.76,-21.66,5.5
549,Tahe,31,CN,1579549785,96,52.33,124.73,-12.15,2.37
550,Nhulunbuy,100,AU,1579550029,78,-12.23,136.77,80.6,4.7
551,Ankang,100,CN,1579550029,78,32.68,109.02,37.49,1.39
552,Arrondissement de Bastia,90,FR,1579550029,71,42.67,9.33,51.8,3.36
553,Kefamenanu,100,ID,1579550029,95,-9.45,124.48,71.01,5.14
